<?xml version="1.0" encoding="UTF-8"?>

<!DOCTYPE beans PUBLIC "-//SPRING//DTD BEAN 2.0//EN"
        " http://www.springframework.org/dtd/spring-beans-2.0.dtd">

<beans>

	<bean class="com.cg.bean.Employee" id="emp">
		<constructor-arg value="1010" type="int"></constructor-arg>
		<constructor-arg value="smith" type="String"></constructor-arg>
		<constructor-arg value="4000" type="double"></constructor-arg>
	</bean>

	<bean class="com.cg.bean.Employee" id="emp2">
		<constructor-arg index="0" value="1010" type="int"></constructor-arg>
		<constructor-arg index="1" value="smith" type="String"></constructor-arg>
		<constructor-arg index="2" value="4000" type="double"></constructor-arg>
	</bean>
</beans>