<?xml version="1.0" encoding="UTF-8"?>


<hibernate-configuration>
	<session-factory>
		<property name="hibernate.connection.driver_class">com.mysql.cj.jdbc.Driver</property>
		<property name="hibernate.connection.url">jdbc:mysql://localhost:3306/batch2
		</property>
		<property name="hibernate.connection.username">root</property>
		<property name="hibernate.connection.password">root</property>
		<property name="hiberante.dialect"> org.hibernate.dialect.MySQL8Dialect</property>
		<property name="hibernate.show_sql">true</property>
		<property name="hibernate.format_sql">true</property>
		<property name="hibernate.hbm2ddl.auto">update</property>
		<mapping class="com.cg.model.Employee" />
		<mapping class="com.cg.model.Product" />
	</session-factory>
</hibernate-configuration>