<?xml version="1.0" encoding="UTF-8"?>
<!DOCTYPE beans PUBLIC "-//SPRING//DTD BEAN 2.0//EN"
        " http://www.springframework.org/dtd/spring-beans-2.0.dtd">
<beans>
	<bean class="com.cg.bean.Employee" id="emp">
		<property name="empId" value="1001"></property>
		<property name="empName" value="smith"></property>
		<property name="empSal" value="4000"></property>
		<property name="address" ref="add"></property>   

	</bean>

	<bean class="com.cg.bean.Address" id="add">
		<property name="city" value="vizag"></property>
		<property name="district" value="vishakapatnam"></property>
		<property name="state" value="AP"></property>

	</bean>


</beans>