<?xml version="1.0" encoding="UTF-8"?>

<!DOCTYPE beans PUBLIC "-//SPRING//DTD BEAN 2.0//EN"
        " http://www.springframework.org/dtd/spring-beans-2.0.dtd">

<beans>
	<bean class="com.cg.bean.CollectionDI" id="cdi">
		<property name="prodNames">
			<list>
				<value>mouse	</value>
				<value>laptop	</value>
				<value>keyboard</value>
				<value>mobile	</value>
			</list>
		</property>
		<property name="custNames">
			<set>
				<value>bhaskar</value>
				<value>siva</value>
				<value>jyothi</value>
			</set>
		</property>
		<property name="empIdName">
			<map>
				<entry key="1001" value="Ramu"></entry>
				<entry key="1002" value="hari"></entry>
				<entry key="1003" value="siri"></entry>
			</map>
		</property>
	</bean>

</beans>